Produktcode,Verkaufszeit
S53,2025-01-31 20:57:14
G16,2025-02-05 10:38:14
S57,2025-01-31 15:46:14
G21,2025-02-02 14:25:14
S17,2025-02-04 04:23:14
S12,2025-02-01 13:49:14
S12,2025-02-01 13:41:14
S91,2025-02-04 23:38:14
S21,2025-02-01 16:57:14
G74,2025-01-31 01:46:14
G92,2025-02-06 13:35:14
S98,2025-02-05 12:13:14
G79,2025-01-31 19:11:14
S10,2025-02-04 13:21:14
S37,2025-02-04 02:47:14
G41,2025-01-31 22:20:14
S60,2025-02-01 19:06:14
G21,2025-02-01 13:41:14
S24,2025-01-31 17:42:14
G82,2025-01-30 20:48:14
G83,2025-02-02 12:52:14
S20,2025-02-02 06:45:14
S64,2025-02-01 05:25:14
G32,2025-02-06 03:41:14
S25,2025-02-04 08:02:14
G14,2025-01-30 22:22:14
S47,2025-01-31 02:54:14
S37,2025-02-03 08:26:14
S92,2025-01-31 07:20:14
S84,2025-02-02 07:39:14
S18,2025-02-02 02:09:14
G78,2025-02-03 09:31:14
G89,2025-02-01 08:09:14
G92,2025-02-05 14:46:14
G69,2025-01-31 02:08:14
S97,2025-02-06 11:59:14
S91,2025-02-05 05:34:14
G81,2025-02-06 10:14:14
G85,2025-02-03 05:06:14
S62,2025-02-03 19:35:14
S45,2025-02-05 01:56:14
S82,2025-02-04 02:31:14
G15,2025-02-01 21:22:14
G95,2025-02-06 00:05:14
G27,2025-02-01 12:26:14
S22,2025-02-05 10:18:14
S30,2025-02-02 04:28:14
G19,2025-02-04 19:01:14
G31,2025-02-04 10:49:14
G27,2025-02-04 04:44:14
G11,2025-02-04 10:40:14
G54,2025-02-02 03:36:14
G58,2025-02-01 04:22:14
S93,2025-02-01 09:09:14
S28,2025-02-05 22:27:14
S87,2025-02-06 15:06:14
S18,2025-02-05 12:05:14
S11,2025-02-06 17:15:14
G47,2025-02-02 17:13:14
S48,2025-02-03 23:46:14
S54,2025-02-03 08:25:14
G35,2025-02-01 04:04:14
G57,2025-02-05 02:42:14
S69,2025-02-05 05:27:14
S78,2025-02-03 09:09:14
G41,2025-02-02 19:18:14
S35,2025-02-02 01:14:14
S14,2025-02-03 16:37:14
G26,2025-02-03 15:20:14
S36,2025-02-05 13:56:14
G43,2025-01-31 14:35:14
G48,2025-02-02 21:35:14
G10,2025-02-01 15:19:14
G97,2025-02-01 02:14:14
G25,2025-02-02 07:11:14
G30,2025-02-03 18:39:14
S51,2025-01-30 22:15:14
S13,2025-02-03 03:52:14
S46,2025-02-03 00:52:14
G19,2025-02-02 05:32:14
S25,2025-02-02 20:31:14
S86,2025-02-05 01:06:14
S93,2025-02-05 23:58:14
S51,2025-02-03 14:44:14
S80,2025-01-31 10:20:14
S34,2025-02-03 19:30:14
S56,2025-02-01 21:08:14
S28,2025-02-05 09:25:14
S41,2025-02-04 08:37:14
S46,2025-02-03 06:03:14
G82,2025-02-02 16:48:14
G95,2025-01-30 19:38:14
S11,2025-01-31 06:20:14
S81,2025-02-06 03:08:14
S28,2025-02-01 09:02:14
S63,2025-02-02 15:57:14
G46,2025-02-06 15:05:14
G80,2025-02-01 09:42:14
S27,2025-02-06 04:09:14
G33,2025-02-05 04:22:14
S89,2025-02-05 13:29:14
G19,2025-02-04 14:49:14
S31,2025-02-03 01:44:14
S84,2025-02-01 13:04:14
S73,2025-02-06 07:20:14
G40,2025-02-01 04:33:14
G69,2025-02-05 11:41:14
S79,2025-02-04 16:49:14
G35,2025-02-06 17:09:14
S59,2025-02-02 06:50:14
S51,2025-02-01 03:53:14
G41,2025-02-06 05:34:14
G61,2025-02-05 03:53:14
S40,2025-02-02 10:30:14
S77,2025-02-02 00:18:14
G44,2025-02-06 05:48:14
G73,2025-02-01 14:53:14
S10,2025-02-02 21:50:14
G80,2025-02-01 07:19:14
G49,2025-02-03 09:13:14
S28,2025-01-31 10:16:14
S97,2025-01-31 07:53:14
G69,2025-01-31 20:20:14
G77,2025-02-03 18:19:14
G13,2025-02-04 18:20:14
S85,2025-02-02 19:46:14
S30,2025-02-02 10:50:14
G21,2025-02-02 19:25:14
G90,2025-02-01 15:41:14
S62,2025-02-02 02:23:14
G41,2025-01-30 21:48:14
G13,2025-02-05 00:49:14
G35,2025-02-02 07:55:14
G55,2025-02-05 20:08:14
G17,2025-02-02 16:49:14
G21,2025-02-06 12:42:14
S49,2025-02-06 11:34:14
S12,2025-02-02 11:05:14
S45,2025-01-31 13:13:14
G16,2025-02-04 15:54:14
S73,2025-02-03 12:41:14
S53,2025-02-01 11:03:14
G33,2025-02-05 22:09:14
S33,2025-01-30 18:10:14
G58,2025-01-31 06:09:14
S93,2025-02-01 06:02:14
G91,2025-02-04 08:32:14
G69,2025-02-01 06:30:14
S22,2025-01-31 23:31:14
G24,2025-02-02 22:52:14
S21,2025-01-31 22:13:14
S87,2025-02-02 16:52:14
S69,2025-02-06 09:33:14
S10,2025-02-02 08:35:14
S62,2025-02-05 11:37:14
S21,2025-02-03 05:20:14
G85,2025-02-04 10:27:14
S89,2025-02-06 00:13:14
G28,2025-02-04 16:33:14
S99,2025-01-31 09:22:14
S11,2025-01-30 22:42:14
G98,2025-02-05 02:46:14
G23,2025-02-05 12:50:14
G53,2025-02-04 08:47:14
G36,2025-01-31 20:02:14
S66,2025-02-01 18:58:14
G57,2025-02-01 13:18:14
G30,2025-02-02 15:19:14
G92,2025-02-03 11:03:14
S54,2025-02-02 04:46:14
S92,2025-02-02 21:26:14
S27,2025-02-04 03:55:14
G56,2025-02-05 11:15:14
G96,2025-02-01 01:56:14
G63,2025-02-01 08:03:14
S40,2025-02-02 06:01:14
S96,2025-02-02 04:17:14
G70,2025-02-04 14:49:14
S87,2025-02-04 13:31:14
S94,2025-02-02 06:54:14
G49,2025-02-01 00:50:14
G29,2025-02-02 16:59:14
S33,2025-02-04 14:15:14
S52,2025-01-31 20:10:14
G47,2025-02-05 22:36:14
S19,2025-02-06 15:02:14
S62,2025-02-03 14:54:14
G31,2025-01-31 09:46:14
S73,2025-01-31 12:16:14
S92,2025-02-04 04:58:14
G79,2025-02-03 22:33:14
S31,2025-02-03 20:27:14
S93,2025-01-31 12:24:14
S28,2025-01-31 14:34:14
S27,2025-02-05 14:55:14
S15,2025-02-05 12:55:14
S85,2025-01-31 19:51:14
S97,2025-02-04 14:02:14
S64,2025-02-01 06:17:14
G62,2025-02-05 14:26:14
S10,2025-02-04 23:03:14
G72,2025-01-30 18:26:14
G66,2025-02-04 00:02:14
S61,2025-02-05 09:13:14
S55,2025-02-02 01:05:14
S67,2025-01-31 19:35:14
G76,2025-01-31 04:35:14
G15,2025-02-05 23:46:14
G37,2025-02-01 21:17:14
S99,2025-02-06 12:24:14
G63,2025-02-02 13:58:14
G30,2025-02-04 09:32:14
S18,2025-02-01 09:15:14
S55,2025-02-04 07:35:14
S47,2025-02-05 11:49:14
G10,2025-02-03 05:39:14
G23,2025-02-06 05:57:14
S59,2025-02-05 11:52:14
G55,2025-02-04 19:07:14
G55,2025-02-04 11:40:14
G80,2025-02-02 23:16:14
G69,2025-01-30 18:28:14
G21,2025-01-31 09:18:14
G72,2025-02-02 11:17:14
G66,2025-02-04 15:03:14
G12,2025-02-06 13:02:14
G11,2025-02-03 19:19:14
G62,2025-02-02 13:19:14
S65,2025-02-05 19:32:14
S98,2025-02-04 22:27:14
S94,2025-02-06 04:29:14
S42,2025-02-02 19:43:14
G58,2025-02-02 03:59:14
G73,2025-01-31 21:50:14
G92,2025-02-03 21:01:14
S17,2025-02-01 04:16:14
G59,2025-02-04 04:18:14
G26,2025-02-05 20:23:14
S80,2025-02-01 02:34:14
S28,2025-02-03 01:02:14
S50,2025-02-04 15:00:14
S57,2025-01-31 23:40:14
G99,2025-02-01 15:01:14
S75,2025-02-06 14:02:14
S72,2025-01-31 01:05:14
G61,2025-02-06 14:51:14
S55,2025-02-05 06:51:14
G98,2025-01-31 12:25:14
S95,2025-02-04 04:31:14
G17,2025-02-02 02:29:14
S62,2025-02-05 11:06:14
G21,2025-02-02 22:56:14
G26,2025-02-06 14:32:14
G38,2025-02-06 12:14:14
G89,2025-02-01 04:46:14
S98,2025-01-31 02:21:14
S73,2025-01-31 10:10:14
G71,2025-02-05 23:37:14
G40,2025-02-02 15:13:14
G65,2025-02-04 03:36:14
G61,2025-02-05 10:37:14
S16,2025-02-04 02:50:14
G26,2025-02-06 00:56:14
S22,2025-01-31 01:14:14
G68,2025-02-02 11:59:14
G78,2025-02-03 15:21:14
S53,2025-02-02 23:09:14
G41,2025-02-03 09:26:14
S51,2025-02-05 08:14:14
G85,2025-02-06 15:12:14
G90,2025-01-31 13:17:14
G93,2025-02-03 16:44:14
G35,2025-01-31 13:03:14
S24,2025-02-05 08:36:14
S53,2025-02-04 23:56:14
S91,2025-02-02 00:19:14
G11,2025-02-02 15:42:14
G73,2025-02-06 10:45:14
S24,2025-02-01 16:37:14
G19,2025-02-04 10:37:14
G72,2025-02-05 23:16:14
S45,2025-02-02 16:58:14
S96,2025-02-06 09:25:14
G35,2025-02-01 06:27:14
S18,2025-02-02 08:19:14
S50,2025-02-05 20:27:14
S31,2025-02-01 19:25:14
G49,2025-02-05 04:01:14
S66,2025-02-02 21:44:14
G95,2025-02-05 07:05:14
S45,2025-01-31 06:41:14
S49,2025-02-01 19:17:14
G65,2025-02-03 11:39:14
S31,2025-01-31 17:12:14
G97,2025-02-06 01:40:14
S41,2025-01-31 04:53:14
G86,2025-02-03 09:10:14
S65,2025-01-31 01:00:14
G79,2025-02-01 12:14:14
G88,2025-02-01 09:42:14
G56,2025-02-04 07:26:14
G48,2025-02-05 08:00:14
S43,2025-02-04 16:26:14
S93,2025-02-03 21:11:14
G54,2025-02-04 23:38:14
S61,2025-02-04 06:46:14
G74,2025-02-01 18:31:14
S99,2025-02-05 09:00:14
G88,2025-01-30 22:04:14
G93,2025-02-01 02:21:14
G19,2025-02-02 10:45:14
S77,2025-02-05 03:20:14
S70,2025-01-31 16:40:14
S55,2025-01-30 17:46:14
S87,2025-02-01 07:13:14
S81,2025-02-06 05:30:14
G45,2025-01-30 23:06:14
S11,2025-02-02 04:07:14
S91,2025-02-06 01:05:14
G70,2025-01-31 06:26:14
G29,2025-02-05 14:25:14
G26,2025-02-01 09:25:14
G96,2025-01-31 04:15:14
G86,2025-02-05 16:16:14
G54,2025-02-04 06:55:14
G70,2025-02-06 07:36:14
G25,2025-02-05 13:30:14
S59,2025-02-04 10:22:14
G58,2025-02-06 10:17:14
G99,2025-02-01 03:07:14
S60,2025-02-03 19:12:14
S70,2025-02-04 09:39:14
G45,2025-02-02 00:09:14
S34,2025-02-01 19:25:14
G60,2025-02-01 14:41:14
S43,2025-02-06 05:12:14
S11,2025-02-06 14:29:14
S23,2025-02-04 15:54:14
S62,2025-02-04 22:57:14
G58,2025-02-05 14:04:14
G29,2025-02-03 22:51:14
G71,2025-01-31 19:46:14
G66,2025-01-31 19:01:14
G92,2025-02-06 10:27:14
S54,2025-02-03 08:36:14
G50,2025-02-02 14:52:14
G40,2025-02-05 17:40:14
G48,2025-02-03 07:30:14
S74,2025-02-02 16:49:14
S77,2025-02-05 20:48:14
G19,2025-02-05 14:36:14
S19,2025-02-06 03:41:14
S45,2025-02-04 05:57:14
G72,2025-01-31 23:04:14
G33,2025-02-03 06:52:14
S75,2025-02-01 13:26:14
G19,2025-01-31 03:41:14
G84,2025-02-03 15:58:14
S23,2025-01-31 05:57:14
G92,2025-02-01 15:58:14
S42,2025-02-05 03:23:14
G71,2025-02-06 04:13:14
G13,2025-02-01 03:29:14
S22,2025-02-02 07:00:14
S50,2025-02-03 13:43:14
G86,2025-02-02 16:14:14
G24,2025-02-02 16:53:14
S18,2025-02-06 02:28:14
S98,2025-01-31 15:07:14
G27,2025-02-02 07:57:14
S84,2025-02-03 15:55:14
G96,2025-02-04 04:22:14
S50,2025-02-05 00:57:14
G44,2025-02-03 21:49:14
S29,2025-01-30 23:21:14
G73,2025-01-30 21:21:14
G66,2025-02-05 08:40:14
G14,2025-02-04 21:02:14
S80,2025-02-01 21:17:14
S27,2025-02-01 11:09:14
S45,2025-02-01 14:55:14
S57,2025-02-02 13:18:14
G53,2025-02-05 08:07:14
G45,2025-02-04 05:22:14
S54,2025-02-05 05:42:14
S65,2025-02-01 13:54:14
G94,2025-02-01 09:11:14
S49,2025-02-04 08:30:14
G80,2025-02-06 03:48:14
S60,2025-02-05 16:29:14
G70,2025-02-02 16:36:14
S90,2025-01-31 03:39:14
S59,2025-02-04 03:43:14
G42,2025-02-04 07:00:14
S35,2025-02-03 21:51:14
S14,2025-02-04 18:11:14
G74,2025-02-05 02:13:14
S33,2025-01-31 16:49:14
G32,2025-02-03 21:04:14
G89,2025-02-06 01:05:14
G45,2025-02-02 05:11:14
G31,2025-02-02 23:43:14
S36,2025-01-31 21:05:14
G14,2025-02-06 17:21:14
S76,2025-02-05 00:46:14
S22,2025-02-04 19:16:14
G85,2025-02-02 12:56:14
G81,2025-02-06 03:23:14
G93,2025-02-02 00:04:14
G83,2025-02-05 08:40:14
S15,2025-02-04 14:52:14
S37,2025-02-03 23:14:14
G41,2025-02-01 12:57:14
G11,2025-02-06 15:06:14
S39,2025-01-31 11:01:14
S31,2025-02-03 05:16:14
G96,2025-02-05 22:59:14
S37,2025-02-03 00:22:14
S66,2025-02-03 21:10:14
S92,2025-02-02 21:03:14
G42,2025-02-06 10:36:14
S65,2025-02-06 15:38:14
G89,2025-02-02 15:00:14
S40,2025-01-31 15:45:14
G16,2025-02-04 04:55:14
G10,2025-02-02 03:54:14
G42,2025-02-06 15:51:14
S17,2025-02-05 13:09:14
G75,2025-02-01 21:05:14
G59,2025-02-03 16:08:14
G33,2025-02-06 12:38:14
S45,2025-01-31 06:13:14
S32,2025-02-03 11:24:14
S52,2025-02-03 01:58:14
G43,2025-02-03 13:27:14
G33,2025-02-06 17:25:14
S28,2025-02-06 01:33:14
G24,2025-02-06 12:50:14
S19,2025-02-04 05:34:14
G50,2025-02-02 08:41:14
G43,2025-02-04 09:27:14
S20,2025-02-05 09:54:14
S66,2025-02-04 02:04:14
G56,2025-02-02 18:01:14
G57,2025-02-01 08:38:14
G12,2025-01-30 19:23:14
S94,2025-01-31 12:21:14
S93,2025-02-03 02:13:14
S33,2025-02-05 19:55:14
G98,2025-02-02 02:12:14
S13,2025-02-06 16:49:14
S34,2025-02-03 23:13:14
G89,2025-01-31 06:11:14
G14,2025-02-03 03:41:14
G49,2025-02-02 17:29:14
S49,2025-02-03 16:52:14
S82,2025-02-03 15:06:14
G13,2025-02-01 23:46:14
S92,2025-02-05 07:10:14
S57,2025-02-01 14:04:14
G26,2025-02-04 23:29:14
S87,2025-02-01 02:26:14
G81,2025-02-03 08:42:14
S97,2025-02-01 14:05:14
S63,2025-02-03 14:33:14
G74,2025-02-02 21:36:14
S48,2025-01-31 02:41:14
G84,2025-02-05 19:36:14
S62,2025-02-01 01:59:14
G72,2025-01-31 23:33:14
S26,2025-02-05 02:05:14
G75,2025-02-03 23:42:14
G24,2025-02-06 04:32:14
G31,2025-02-03 21:35:14
G80,2025-02-05 05:20:14
G60,2025-02-04 16:17:14
S22,2025-02-05 19:29:14
S40,2025-02-01 23:53:14
G36,2025-01-31 09:54:14
G75,2025-02-05 15:55:14
G89,2025-02-01 17:56:14
S54,2025-01-31 10:15:14
S22,2025-02-01 19:34:14
G98,2025-01-31 11:04:14
G64,2025-02-02 07:07:14
G26,2025-01-31 04:16:14
S69,2025-02-01 15:02:14
S99,2025-01-31 00:05:14
G38,2025-02-04 20:45:14
G29,2025-02-05 08:51:14
S98,2025-02-05 08:58:14
S57,2025-01-31 09:27:14
S25,2025-01-30 18:18:14
S93,2025-02-04 22:15:14
G69,2025-02-04 12:44:14
S32,2025-02-05 03:20:14
G53,2025-02-01 14:00:14
G76,2025-01-31 22:45:14
G84,2025-02-01 04:39:14
S42,2025-02-01 07:47:14
